D:\Car_Record\IMG\center_2024_07_09_08_11_45_102.jpg,D:\Car_Record\IMG\left_2024_07_09_08_11_45_102.jpg,D:\Car_Record\IMG\right_2024_07_09_08_11_45_102.jpg,0,0,0,21.40147
D:\Car_Record\IMG\center_2024_07_09_08_11_45_172.jpg,D:\Car_Record\IMG\left_2024_07_09_08_11_45_172.jpg,D:\Car_Record\IMG\right_2024_07_09_08_11_45_172.jpg,-0.05,0,0,21.22229
D:\Car_Record\IMG\center_2024_07_09_08_11_45_241.jpg,D:\Car_Record\IMG\left_2024_07_09_08_11_45_241.jpg,D:\Car_Record\IMG\right_2024_07_09_08_11_45_241.jpg,-0.2,0,0,21.07399
D:\Car_Record\IMG\center_2024_07_09_08_11_45_309.jpg,D:\Car_Record\IMG\left_2024_07_09_08_11_45_309.jpg,D:\Car_Record\IMG\right_2024_07_09_08_11_45_309.jpg,-0.4,0,0,20.82859
D:\Car_Record\IMG\center_2024_07_09_08_11_45_378.jpg,D:\Car_Record\IMG\left_2024_07_09_08_11_45_378.jpg,D:\Car_Record\IMG\right_2024_07_09_08_11_45_378.jpg,-0.5500001,0,0,20.60633
D:\Car_Record\IMG\center_2024_07_09_08_11_45_447.jpg,D:\Car_Record\IMG\left_2024_07_09_08_11_45_447.jpg,D:\Car_Record\IMG\right_2024_07_09_08_11_45_447.jpg,-0.7500002,0,0,20.26204
D:\Car_Record\IMG\center_2024_07_09_08_11_45_516.jpg,D:\Car_Record\IMG\left_2024_07_09_08_11_45_516.jpg,D:\Car_Record\IMG\right_2024_07_09_08_11_45_516.jpg,-0.9000002,0,0,19.97043
D:\Car_Record\IMG\center_2024_07_09_08_11_45_582.jpg,D:\Car_Record\IMG\left_2024_07_09_08_11_45_582.jpg,D:\Car_Record\IMG\right_2024_07_09_08_11_45_582.jpg,-1,0,0,19.66471
D:\Car_Record\IMG\center_2024_07_09_08_11_45_650.jpg,D:\Car_Record\IMG\left_2024_07_09_08_11_45_650.jpg,D:\Car_Record\IMG\right_2024_07_09_08_11_45_650.jpg,0,0,0,19.31255
D:\Car_Record\IMG\center_2024_07_09_08_11_45_718.jpg,D:\Car_Record\IMG\left_2024_07_09_08_11_45_718.jpg,D:\Car_Record\IMG\right_2024_07_09_08_11_45_718.jpg,0,0,0,19.27743
D:\Car_Record\IMG\center_2024_07_09_08_11_45_787.jpg,D:\Car_Record\IMG\left_2024_07_09_08_11_45_787.jpg,D:\Car_Record\IMG\right_2024_07_09_08_11_45_787.jpg,0,0,0,19.12664
D:\Car_Record\IMG\center_2024_07_09_08_11_45_854.jpg,D:\Car_Record\IMG\left_2024_07_09_08_11_45_854.jpg,D:\Car_Record\IMG\right_2024_07_09_08_11_45_854.jpg,0,0.1181685,0,18.79713
D:\Car_Record\IMG\center_2024_07_09_08_11_45_921.jpg,D:\Car_Record\IMG\left_2024_07_09_08_11_45_921.jpg,D:\Car_Record\IMG\right_2024_07_09_08_11_45_921.jpg,0,0.2980068,0,19.08999
D:\Car_Record\IMG\center_2024_07_09_08_11_45_990.jpg,D:\Car_Record\IMG\left_2024_07_09_08_11_45_990.jpg,D:\Car_Record\IMG\right_2024_07_09_08_11_45_990.jpg,0,0.5360482,0,19.34385
D:\Car_Record\IMG\center_2024_07_09_08_11_46_059.jpg,D:\Car_Record\IMG\left_2024_07_09_08_11_46_059.jpg,D:\Car_Record\IMG\right_2024_07_09_08_11_46_059.jpg,0,0.7177435,0,19.44154
D:\Car_Record\IMG\center_2024_07_09_08_11_46_128.jpg,D:\Car_Record\IMG\left_2024_07_09_08_11_46_128.jpg,D:\Car_Record\IMG\right_2024_07_09_08_11_46_128.jpg,0,0.9581947,0,20.13988
D:\Car_Record\IMG\center_2024_07_09_08_11_46_196.jpg,D:\Car_Record\IMG\left_2024_07_09_08_11_46_196.jpg,D:\Car_Record\IMG\right_2024_07_09_08_11_46_196.jpg,0,1,0,20.87589
D:\Car_Record\IMG\center_2024_07_09_08_11_46_265.jpg,D:\Car_Record\IMG\left_2024_07_09_08_11_46_265.jpg,D:\Car_Record\IMG\right_2024_07_09_08_11_46_265.jpg,0,1,0,21.395
D:\Car_Record\IMG\center_2024_07_09_08_11_46_333.jpg,D:\Car_Record\IMG\left_2024_07_09_08_11_46_333.jpg,D:\Car_Record\IMG\right_2024_07_09_08_11_46_333.jpg,0,1,0,22.20897
D:\Car_Record\IMG\center_2024_07_09_08_11_46_400.jpg,D:\Car_Record\IMG\left_2024_07_09_08_11_46_400.jpg,D:\Car_Record\IMG\right_2024_07_09_08_11_46_400.jpg,0,1,0,22.83569
D:\Car_Record\IMG\center_2024_07_09_08_11_46_469.jpg,D:\Car_Record\IMG\left_2024_07_09_08_11_46_469.jpg,D:\Car_Record\IMG\right_2024_07_09_08_11_46_469.jpg,0,1,0,23.61347
D:\Car_Record\IMG\center_2024_07_09_08_11_46_538.jpg,D:\Car_Record\IMG\left_2024_07_09_08_11_46_538.jpg,D:\Car_Record\IMG\right_2024_07_09_08_11_46_538.jpg,0,1,0,24.1913
D:\Car_Record\IMG\center_2024_07_09_08_11_46_606.jpg,D:\Car_Record\IMG\left_2024_07_09_08_11_46_606.jpg,D:\Car_Record\IMG\right_2024_07_09_08_11_46_606.jpg,0,1,0,24.77558
D:\Car_Record\IMG\center_2024_07_09_08_11_46_673.jpg,D:\Car_Record\IMG\left_2024_07_09_08_11_46_673.jpg,D:\Car_Record\IMG\right_2024_07_09_08_11_46_673.jpg,0,1,0,25.54462
D:\Car_Record\IMG\center_2024_07_09_08_11_46_739.jpg,D:\Car_Record\IMG\left_2024_07_09_08_11_46_739.jpg,D:\Car_Record\IMG\right_2024_07_09_08_11_46_739.jpg,0,1,0,26.1176
D:\Car_Record\IMG\center_2024_07_09_08_11_46_809.jpg,D:\Car_Record\IMG\left_2024_07_09_08_11_46_809.jpg,D:\Car_Record\IMG\right_2024_07_09_08_11_46_809.jpg,0,1,0,26.87647
D:\Car_Record\IMG\center_2024_07_09_08_11_46_876.jpg,D:\Car_Record\IMG\left_2024_07_09_08_11_46_876.jpg,D:\Car_Record\IMG\right_2024_07_09_08_11_46_876.jpg,0,1,0,27.44143
D:\Car_Record\IMG\center_2024_07_09_08_11_46_944.jpg,D:\Car_Record\IMG\left_2024_07_09_08_11_46_944.jpg,D:\Car_Record\IMG\right_2024_07_09_08_11_46_944.jpg,0,1,0,28.00218
D:\Car_Record\IMG\center_2024_07_09_08_11_47_013.jpg,D:\Car_Record\IMG\left_2024_07_09_08_11_47_013.jpg,D:\Car_Record\IMG\right_2024_07_09_08_11_47_013.jpg,0,1,0,28.74503
D:\Car_Record\IMG\center_2024_07_09_08_11_47_079.jpg,D:\Car_Record\IMG\left_2024_07_09_08_11_47_079.jpg,D:\Car_Record\IMG\right_2024_07_09_08_11_47_079.jpg,0,1,0,29.29923
D:\Car_Record\IMG\center_2024_07_09_08_11_47_147.jpg,D:\Car_Record\IMG\left_2024_07_09_08_11_47_147.jpg,D:\Car_Record\IMG\right_2024_07_09_08_11_47_147.jpg,0,1,0,30.03029
D:\Car_Record\IMG\center_2024_07_09_08_11_47_216.jpg,D:\Car_Record\IMG\left_2024_07_09_08_11_47_216.jpg,D:\Car_Record\IMG\right_2024_07_09_08_11_47_216.jpg,0,1,0,30.18991
D:\Car_Record\IMG\center_2024_07_09_08_11_47_284.jpg,D:\Car_Record\IMG\left_2024_07_09_08_11_47_284.jpg,D:\Car_Record\IMG\right_2024_07_09_08_11_47_284.jpg,0,1,0,30.19043
D:\Car_Record\IMG\center_2024_07_09_08_11_47_352.jpg,D:\Car_Record\IMG\left_2024_07_09_08_11_47_352.jpg,D:\Car_Record\IMG\right_2024_07_09_08_11_47_352.jpg,0,1,0,30.19039
D:\Car_Record\IMG\center_2024_07_09_08_11_47_421.jpg,D:\Car_Record\IMG\left_2024_07_09_08_11_47_421.jpg,D:\Car_Record\IMG\right_2024_07_09_08_11_47_421.jpg,0,1,0,30.19037
D:\Car_Record\IMG\center_2024_07_09_08_11_47_489.jpg,D:\Car_Record\IMG\left_2024_07_09_08_11_47_489.jpg,D:\Car_Record\IMG\right_2024_07_09_08_11_47_489.jpg,0,1,0,30.19041
D:\Car_Record\IMG\center_2024_07_09_08_11_47_557.jpg,D:\Car_Record\IMG\left_2024_07_09_08_11_47_557.jpg,D:\Car_Record\IMG\right_2024_07_09_08_11_47_557.jpg,0,1,0,30.1904
D:\Car_Record\IMG\center_2024_07_09_08_11_47_624.jpg,D:\Car_Record\IMG\left_2024_07_09_08_11_47_624.jpg,D:\Car_Record\IMG\right_2024_07_09_08_11_47_624.jpg,0,1,0,30.1904
D:\Car_Record\IMG\center_2024_07_09_08_11_47_692.jpg,D:\Car_Record\IMG\left_2024_07_09_08_11_47_692.jpg,D:\Car_Record\IMG\right_2024_07_09_08_11_47_692.jpg,0,1,0,30.19041
D:\Car_Record\IMG\center_2024_07_09_08_11_47_758.jpg,D:\Car_Record\IMG\left_2024_07_09_08_11_47_758.jpg,D:\Car_Record\IMG\right_2024_07_09_08_11_47_758.jpg,0,1,0,30.19041
D:\Car_Record\IMG\center_2024_07_09_08_11_47_828.jpg,D:\Car_Record\IMG\left_2024_07_09_08_11_47_828.jpg,D:\Car_Record\IMG\right_2024_07_09_08_11_47_828.jpg,0,1,0,30.19039
D:\Car_Record\IMG\center_2024_07_09_08_11_47_894.jpg,D:\Car_Record\IMG\left_2024_07_09_08_11_47_894.jpg,D:\Car_Record\IMG\right_2024_07_09_08_11_47_894.jpg,0,1,0,30.19039
D:\Car_Record\IMG\center_2024_07_09_08_11_47_962.jpg,D:\Car_Record\IMG\left_2024_07_09_08_11_47_962.jpg,D:\Car_Record\IMG\right_2024_07_09_08_11_47_962.jpg,0,1,0,30.19041
D:\Car_Record\IMG\center_2024_07_09_08_11_48_028.jpg,D:\Car_Record\IMG\left_2024_07_09_08_11_48_028.jpg,D:\Car_Record\IMG\right_2024_07_09_08_11_48_028.jpg,0,1,0,30.19041
D:\Car_Record\IMG\center_2024_07_09_08_11_48_097.jpg,D:\Car_Record\IMG\left_2024_07_09_08_11_48_097.jpg,D:\Car_Record\IMG\right_2024_07_09_08_11_48_097.jpg,0,1,0,30.19029
D:\Car_Record\IMG\center_2024_07_09_08_11_48_165.jpg,D:\Car_Record\IMG\left_2024_07_09_08_11_48_165.jpg,D:\Car_Record\IMG\right_2024_07_09_08_11_48_165.jpg,0,1,0,30.19007
D:\Car_Record\IMG\center_2024_07_09_08_11_48_234.jpg,D:\Car_Record\IMG\left_2024_07_09_08_11_48_234.jpg,D:\Car_Record\IMG\right_2024_07_09_08_11_48_234.jpg,-0.1,1,0,30.1878
D:\Car_Record\IMG\center_2024_07_09_08_11_48_303.jpg,D:\Car_Record\IMG\left_2024_07_09_08_11_48_303.jpg,D:\Car_Record\IMG\right_2024_07_09_08_11_48_303.jpg,-0.25,1,0,30.17655
D:\Car_Record\IMG\center_2024_07_09_08_11_48_370.jpg,D:\Car_Record\IMG\left_2024_07_09_08_11_48_370.jpg,D:\Car_Record\IMG\right_2024_07_09_08_11_48_370.jpg,0,1,0,30.18956
D:\Car_Record\IMG\center_2024_07_09_08_11_48_436.jpg,D:\Car_Record\IMG\left_2024_07_09_08_11_48_436.jpg,D:\Car_Record\IMG\right_2024_07_09_08_11_48_436.jpg,0,1,0,30.18943
D:\Car_Record\IMG\center_2024_07_09_08_11_48_506.jpg,D:\Car_Record\IMG\left_2024_07_09_08_11_48_506.jpg,D:\Car_Record\IMG\right_2024_07_09_08_11_48_506.jpg,0,1,0,30.19013
D:\Car_Record\IMG\center_2024_07_09_08_11_48_573.jpg,D:\Car_Record\IMG\left_2024_07_09_08_11_48_573.jpg,D:\Car_Record\IMG\right_2024_07_09_08_11_48_573.jpg,0,1,0,30.1903
D:\Car_Record\IMG\center_2024_07_09_08_11_48_642.jpg,D:\Car_Record\IMG\left_2024_07_09_08_11_48_642.jpg,D:\Car_Record\IMG\right_2024_07_09_08_11_48_642.jpg,0,1,0,30.19034
D:\Car_Record\IMG\center_2024_07_09_08_11_48_711.jpg,D:\Car_Record\IMG\left_2024_07_09_08_11_48_711.jpg,D:\Car_Record\IMG\right_2024_07_09_08_11_48_711.jpg,0,1,0,30.19036
D:\Car_Record\IMG\center_2024_07_09_08_11_48_777.jpg,D:\Car_Record\IMG\left_2024_07_09_08_11_48_777.jpg,D:\Car_Record\IMG\right_2024_07_09_08_11_48_777.jpg,0,1,0,30.19038
D:\Car_Record\IMG\center_2024_07_09_08_11_48_845.jpg,D:\Car_Record\IMG\left_2024_07_09_08_11_48_845.jpg,D:\Car_Record\IMG\right_2024_07_09_08_11_48_845.jpg,0,1,0,30.19035
D:\Car_Record\IMG\center_2024_07_09_08_11_48_911.jpg,D:\Car_Record\IMG\left_2024_07_09_08_11_48_911.jpg,D:\Car_Record\IMG\right_2024_07_09_08_11_48_911.jpg,0,1,0,30.19036
D:\Car_Record\IMG\center_2024_07_09_08_11_48_980.jpg,D:\Car_Record\IMG\left_2024_07_09_08_11_48_980.jpg,D:\Car_Record\IMG\right_2024_07_09_08_11_48_980.jpg,0,1,0,30.19039
D:\Car_Record\IMG\center_2024_07_09_08_11_49_050.jpg,D:\Car_Record\IMG\left_2024_07_09_08_11_49_050.jpg,D:\Car_Record\IMG\right_2024_07_09_08_11_49_050.jpg,0,1,0,30.19036
D:\Car_Record\IMG\center_2024_07_09_08_11_49_118.jpg,D:\Car_Record\IMG\left_2024_07_09_08_11_49_118.jpg,D:\Car_Record\IMG\right_2024_07_09_08_11_49_118.jpg,0,1,0,30.19039
D:\Car_Record\IMG\center_2024_07_09_08_11_49_188.jpg,D:\Car_Record\IMG\left_2024_07_09_08_11_49_188.jpg,D:\Car_Record\IMG\right_2024_07_09_08_11_49_188.jpg,0,1,0,30.19037
D:\Car_Record\IMG\center_2024_07_09_08_11_49_257.jpg,D:\Car_Record\IMG\left_2024_07_09_08_11_49_257.jpg,D:\Car_Record\IMG\right_2024_07_09_08_11_49_257.jpg,0,1,0,30.19037
D:\Car_Record\IMG\center_2024_07_09_08_11_49_325.jpg,D:\Car_Record\IMG\left_2024_07_09_08_11_49_325.jpg,D:\Car_Record\IMG\right_2024_07_09_08_11_49_325.jpg,0,1,0,30.19038
D:\Car_Record\IMG\center_2024_07_09_08_11_49_394.jpg,D:\Car_Record\IMG\left_2024_07_09_08_11_49_394.jpg,D:\Car_Record\IMG\right_2024_07_09_08_11_49_394.jpg,0,1,0,30.19021
D:\Car_Record\IMG\center_2024_07_09_08_11_49_463.jpg,D:\Car_Record\IMG\left_2024_07_09_08_11_49_463.jpg,D:\Car_Record\IMG\right_2024_07_09_08_11_49_463.jpg,0,1,0,30.19017
D:\Car_Record\IMG\center_2024_07_09_08_11_49_533.jpg,D:\Car_Record\IMG\left_2024_07_09_08_11_49_533.jpg,D:\Car_Record\IMG\right_2024_07_09_08_11_49_533.jpg,0,1,0,30.19024
D:\Car_Record\IMG\center_2024_07_09_08_11_49_599.jpg,D:\Car_Record\IMG\left_2024_07_09_08_11_49_599.jpg,D:\Car_Record\IMG\right_2024_07_09_08_11_49_599.jpg,0,1,0,30.18978
D:\Car_Record\IMG\center_2024_07_09_08_11_49_666.jpg,D:\Car_Record\IMG\left_2024_07_09_08_11_49_666.jpg,D:\Car_Record\IMG\right_2024_07_09_08_11_49_666.jpg,0,1,0,30.19006
D:\Car_Record\IMG\center_2024_07_09_08_11_49_734.jpg,D:\Car_Record\IMG\left_2024_07_09_08_11_49_734.jpg,D:\Car_Record\IMG\right_2024_07_09_08_11_49_734.jpg,0,1,0,30.19011
D:\Car_Record\IMG\center_2024_07_09_08_11_49_804.jpg,D:\Car_Record\IMG\left_2024_07_09_08_11_49_804.jpg,D:\Car_Record\IMG\right_2024_07_09_08_11_49_804.jpg,0,1,0,30.19015
D:\Car_Record\IMG\center_2024_07_09_08_11_49_873.jpg,D:\Car_Record\IMG\left_2024_07_09_08_11_49_873.jpg,D:\Car_Record\IMG\right_2024_07_09_08_11_49_873.jpg,0,1,0,30.19016
D:\Car_Record\IMG\center_2024_07_09_08_11_49_939.jpg,D:\Car_Record\IMG\left_2024_07_09_08_11_49_939.jpg,D:\Car_Record\IMG\right_2024_07_09_08_11_49_939.jpg,0,1,0,30.19014
D:\Car_Record\IMG\center_2024_07_09_08_11_50_007.jpg,D:\Car_Record\IMG\left_2024_07_09_08_11_50_007.jpg,D:\Car_Record\IMG\right_2024_07_09_08_11_50_007.jpg,0,1,0,30.19013
D:\Car_Record\IMG\center_2024_07_09_08_11_50_074.jpg,D:\Car_Record\IMG\left_2024_07_09_08_11_50_074.jpg,D:\Car_Record\IMG\right_2024_07_09_08_11_50_074.jpg,0,1,0,30.19014
D:\Car_Record\IMG\center_2024_07_09_08_11_50_142.jpg,D:\Car_Record\IMG\left_2024_07_09_08_11_50_142.jpg,D:\Car_Record\IMG\right_2024_07_09_08_11_50_142.jpg,0,1,0,30.19013
D:\Car_Record\IMG\center_2024_07_09_08_11_50_209.jpg,D:\Car_Record\IMG\left_2024_07_09_08_11_50_209.jpg,D:\Car_Record\IMG\right_2024_07_09_08_11_50_209.jpg,-0.2,1,0,30.18006
D:\Car_Record\IMG\center_2024_07_09_08_11_50_277.jpg,D:\Car_Record\IMG\left_2024_07_09_08_11_50_277.jpg,D:\Car_Record\IMG\right_2024_07_09_08_11_50_277.jpg,-0.35,1,0,30.16394
D:\Car_Record\IMG\center_2024_07_09_08_11_50_345.jpg,D:\Car_Record\IMG\left_2024_07_09_08_11_50_345.jpg,D:\Car_Record\IMG\right_2024_07_09_08_11_50_345.jpg,0,1,0,30.18804
D:\Car_Record\IMG\center_2024_07_09_08_11_50_413.jpg,D:\Car_Record\IMG\left_2024_07_09_08_11_50_413.jpg,D:\Car_Record\IMG\right_2024_07_09_08_11_50_413.jpg,0,1,0,30.18994
D:\Car_Record\IMG\center_2024_07_09_08_11_50_480.jpg,D:\Car_Record\IMG\left_2024_07_09_08_11_50_480.jpg,D:\Car_Record\IMG\right_2024_07_09_08_11_50_480.jpg,0,1,0,30.19023
D:\Car_Record\IMG\center_2024_07_09_08_11_50_549.jpg,D:\Car_Record\IMG\left_2024_07_09_08_11_50_549.jpg,D:\Car_Record\IMG\right_2024_07_09_08_11_50_549.jpg,0,1,0,30.19033
D:\Car_Record\IMG\center_2024_07_09_08_11_50_617.jpg,D:\Car_Record\IMG\left_2024_07_09_08_11_50_617.jpg,D:\Car_Record\IMG\right_2024_07_09_08_11_50_617.jpg,-0.1,1,0,30.18846
D:\Car_Record\IMG\center_2024_07_09_08_11_50_685.jpg,D:\Car_Record\IMG\left_2024_07_09_08_11_50_685.jpg,D:\Car_Record\IMG\right_2024_07_09_08_11_50_685.jpg,-0.25,1,0,30.17524
D:\Car_Record\IMG\center_2024_07_09_08_11_50_752.jpg,D:\Car_Record\IMG\left_2024_07_09_08_11_50_752.jpg,D:\Car_Record\IMG\right_2024_07_09_08_11_50_752.jpg,0,1,0,30.18964
D:\Car_Record\IMG\center_2024_07_09_08_11_50_819.jpg,D:\Car_Record\IMG\left_2024_07_09_08_11_50_819.jpg,D:\Car_Record\IMG\right_2024_07_09_08_11_50_819.jpg,0,1,0,30.18958
D:\Car_Record\IMG\center_2024_07_09_08_11_50_888.jpg,D:\Car_Record\IMG\left_2024_07_09_08_11_50_888.jpg,D:\Car_Record\IMG\right_2024_07_09_08_11_50_888.jpg,0,1,0,30.18976
D:\Car_Record\IMG\center_2024_07_09_08_11_50_954.jpg,D:\Car_Record\IMG\left_2024_07_09_08_11_50_954.jpg,D:\Car_Record\IMG\right_2024_07_09_08_11_50_954.jpg,0,1,0,30.19022
D:\Car_Record\IMG\center_2024_07_09_08_11_51_023.jpg,D:\Car_Record\IMG\left_2024_07_09_08_11_51_023.jpg,D:\Car_Record\IMG\right_2024_07_09_08_11_51_023.jpg,0,1,0,30.19036
D:\Car_Record\IMG\center_2024_07_09_08_11_51_090.jpg,D:\Car_Record\IMG\left_2024_07_09_08_11_51_090.jpg,D:\Car_Record\IMG\right_2024_07_09_08_11_51_090.jpg,0,1,0,30.19038
D:\Car_Record\IMG\center_2024_07_09_08_11_51_158.jpg,D:\Car_Record\IMG\left_2024_07_09_08_11_51_158.jpg,D:\Car_Record\IMG\right_2024_07_09_08_11_51_158.jpg,0,1,0,30.19043
D:\Car_Record\IMG\center_2024_07_09_08_11_51_225.jpg,D:\Car_Record\IMG\left_2024_07_09_08_11_51_225.jpg,D:\Car_Record\IMG\right_2024_07_09_08_11_51_225.jpg,0,1,0,30.19042
D:\Car_Record\IMG\center_2024_07_09_08_11_51_294.jpg,D:\Car_Record\IMG\left_2024_07_09_08_11_51_294.jpg,D:\Car_Record\IMG\right_2024_07_09_08_11_51_294.jpg,0,1,0,30.1904
D:\Car_Record\IMG\center_2024_07_09_08_11_51_362.jpg,D:\Car_Record\IMG\left_2024_07_09_08_11_51_362.jpg,D:\Car_Record\IMG\right_2024_07_09_08_11_51_362.jpg,0,1,0,30.19041
D:\Car_Record\IMG\center_2024_07_09_08_11_51_430.jpg,D:\Car_Record\IMG\left_2024_07_09_08_11_51_430.jpg,D:\Car_Record\IMG\right_2024_07_09_08_11_51_430.jpg,0,1,0,30.19039
D:\Car_Record\IMG\center_2024_07_09_08_11_51_500.jpg,D:\Car_Record\IMG\left_2024_07_09_08_11_51_500.jpg,D:\Car_Record\IMG\right_2024_07_09_08_11_51_500.jpg,0,1,0,30.1904
D:\Car_Record\IMG\center_2024_07_09_08_11_51_568.jpg,D:\Car_Record\IMG\left_2024_07_09_08_11_51_568.jpg,D:\Car_Record\IMG\right_2024_07_09_08_11_51_568.jpg,0,1,0,30.19041
D:\Car_Record\IMG\center_2024_07_09_08_11_51_634.jpg,D:\Car_Record\IMG\left_2024_07_09_08_11_51_634.jpg,D:\Car_Record\IMG\right_2024_07_09_08_11_51_634.jpg,0,1,0,30.19041
D:\Car_Record\IMG\center_2024_07_09_08_11_51_702.jpg,D:\Car_Record\IMG\left_2024_07_09_08_11_51_702.jpg,D:\Car_Record\IMG\right_2024_07_09_08_11_51_702.jpg,0,1,0,30.19041
D:\Car_Record\IMG\center_2024_07_09_08_11_51_771.jpg,D:\Car_Record\IMG\left_2024_07_09_08_11_51_771.jpg,D:\Car_Record\IMG\right_2024_07_09_08_11_51_771.jpg,0,1,0,30.19042
D:\Car_Record\IMG\center_2024_07_09_08_11_51_838.jpg,D:\Car_Record\IMG\left_2024_07_09_08_11_51_838.jpg,D:\Car_Record\IMG\right_2024_07_09_08_11_51_838.jpg,0,1,0,30.19042
D:\Car_Record\IMG\center_2024_07_09_08_11_51_908.jpg,D:\Car_Record\IMG\left_2024_07_09_08_11_51_908.jpg,D:\Car_Record\IMG\right_2024_07_09_08_11_51_908.jpg,0,1,0,30.19041
D:\Car_Record\IMG\center_2024_07_09_08_11_51_975.jpg,D:\Car_Record\IMG\left_2024_07_09_08_11_51_975.jpg,D:\Car_Record\IMG\right_2024_07_09_08_11_51_975.jpg,0,1,0,30.19037
D:\Car_Record\IMG\center_2024_07_09_08_11_52_044.jpg,D:\Car_Record\IMG\left_2024_07_09_08_11_52_044.jpg,D:\Car_Record\IMG\right_2024_07_09_08_11_52_044.jpg,0,1,0,30.19028
D:\Car_Record\IMG\center_2024_07_09_08_11_52_112.jpg,D:\Car_Record\IMG\left_2024_07_09_08_11_52_112.jpg,D:\Car_Record\IMG\right_2024_07_09_08_11_52_112.jpg,0,1,0,30.19045
D:\Car_Record\IMG\center_2024_07_09_08_11_52_181.jpg,D:\Car_Record\IMG\left_2024_07_09_08_11_52_181.jpg,D:\Car_Record\IMG\right_2024_07_09_08_11_52_181.jpg,0,1,0,30.19022
D:\Car_Record\IMG\center_2024_07_09_08_11_52_249.jpg,D:\Car_Record\IMG\left_2024_07_09_08_11_52_249.jpg,D:\Car_Record\IMG\right_2024_07_09_08_11_52_249.jpg,0,1,0,30.19011
D:\Car_Record\IMG\center_2024_07_09_08_11_52_318.jpg,D:\Car_Record\IMG\left_2024_07_09_08_11_52_318.jpg,D:\Car_Record\IMG\right_2024_07_09_08_11_52_318.jpg,0,1,0,30.19019
D:\Car_Record\IMG\center_2024_07_09_08_11_52_386.jpg,D:\Car_Record\IMG\left_2024_07_09_08_11_52_386.jpg,D:\Car_Record\IMG\right_2024_07_09_08_11_52_386.jpg,0,1,0,30.19015
D:\Car_Record\IMG\center_2024_07_09_08_11_52_452.jpg,D:\Car_Record\IMG\left_2024_07_09_08_11_52_452.jpg,D:\Car_Record\IMG\right_2024_07_09_08_11_52_452.jpg,0,1,0,30.1902
D:\Car_Record\IMG\center_2024_07_09_08_11_52_519.jpg,D:\Car_Record\IMG\left_2024_07_09_08_11_52_519.jpg,D:\Car_Record\IMG\right_2024_07_09_08_11_52_519.jpg,0,1,0,30.19023
D:\Car_Record\IMG\center_2024_07_09_08_11_52_588.jpg,D:\Car_Record\IMG\left_2024_07_09_08_11_52_588.jpg,D:\Car_Record\IMG\right_2024_07_09_08_11_52_588.jpg,0,1,0,30.19022
D:\Car_Record\IMG\center_2024_07_09_08_11_52_655.jpg,D:\Car_Record\IMG\left_2024_07_09_08_11_52_655.jpg,D:\Car_Record\IMG\right_2024_07_09_08_11_52_655.jpg,0,1,0,30.19022
D:\Car_Record\IMG\center_2024_07_09_08_11_52_723.jpg,D:\Car_Record\IMG\left_2024_07_09_08_11_52_723.jpg,D:\Car_Record\IMG\right_2024_07_09_08_11_52_723.jpg,0,1,0,30.1902
D:\Car_Record\IMG\center_2024_07_09_08_11_52_792.jpg,D:\Car_Record\IMG\left_2024_07_09_08_11_52_792.jpg,D:\Car_Record\IMG\right_2024_07_09_08_11_52_792.jpg,0,1,0,30.1902
D:\Car_Record\IMG\center_2024_07_09_08_11_52_861.jpg,D:\Car_Record\IMG\left_2024_07_09_08_11_52_861.jpg,D:\Car_Record\IMG\right_2024_07_09_08_11_52_861.jpg,0,1,0,30.19022
D:\Car_Record\IMG\center_2024_07_09_08_11_52_931.jpg,D:\Car_Record\IMG\left_2024_07_09_08_11_52_931.jpg,D:\Car_Record\IMG\right_2024_07_09_08_11_52_931.jpg,0,1,0,30.19022
D:\Car_Record\IMG\center_2024_07_09_08_11_52_997.jpg,D:\Car_Record\IMG\left_2024_07_09_08_11_52_997.jpg,D:\Car_Record\IMG\right_2024_07_09_08_11_52_997.jpg,-0.05,1,0,30.18971
D:\Car_Record\IMG\center_2024_07_09_08_11_53_067.jpg,D:\Car_Record\IMG\left_2024_07_09_08_11_53_067.jpg,D:\Car_Record\IMG\right_2024_07_09_08_11_53_067.jpg,-0.25,1,0,30.17518
D:\Car_Record\IMG\center_2024_07_09_08_11_53_134.jpg,D:\Car_Record\IMG\left_2024_07_09_08_11_53_134.jpg,D:\Car_Record\IMG\right_2024_07_09_08_11_53_134.jpg,0,1,0,30.18922
D:\Car_Record\IMG\center_2024_07_09_08_11_53_204.jpg,D:\Car_Record\IMG\left_2024_07_09_08_11_53_204.jpg,D:\Car_Record\IMG\right_2024_07_09_08_11_53_204.jpg,0,1,0,30.19012
D:\Car_Record\IMG\center_2024_07_09_08_11_53_270.jpg,D:\Car_Record\IMG\left_2024_07_09_08_11_53_270.jpg,D:\Car_Record\IMG\right_2024_07_09_08_11_53_270.jpg,0,1,0,30.19028
D:\Car_Record\IMG\center_2024_07_09_08_11_53_339.jpg,D:\Car_Record\IMG\left_2024_07_09_08_11_53_339.jpg,D:\Car_Record\IMG\right_2024_07_09_08_11_53_339.jpg,0,1,0,30.19034
D:\Car_Record\IMG\center_2024_07_09_08_11_53_406.jpg,D:\Car_Record\IMG\left_2024_07_09_08_11_53_406.jpg,D:\Car_Record\IMG\right_2024_07_09_08_11_53_406.jpg,-0.15,1,0,30.1849
D:\Car_Record\IMG\center_2024_07_09_08_11_53_474.jpg,D:\Car_Record\IMG\left_2024_07_09_08_11_53_474.jpg,D:\Car_Record\IMG\right_2024_07_09_08_11_53_474.jpg,-0.3,1,0,30.17019
D:\Car_Record\IMG\center_2024_07_09_08_11_53_541.jpg,D:\Car_Record\IMG\left_2024_07_09_08_11_53_541.jpg,D:\Car_Record\IMG\right_2024_07_09_08_11_53_541.jpg,0,1,0,30.18879
D:\Car_Record\IMG\center_2024_07_09_08_11_53_609.jpg,D:\Car_Record\IMG\left_2024_07_09_08_11_53_609.jpg,D:\Car_Record\IMG\right_2024_07_09_08_11_53_609.jpg,0,1,0,30.18978
D:\Car_Record\IMG\center_2024_07_09_08_11_53_678.jpg,D:\Car_Record\IMG\left_2024_07_09_08_11_53_678.jpg,D:\Car_Record\IMG\right_2024_07_09_08_11_53_678.jpg,0,1,0,30.19018
D:\Car_Record\IMG\center_2024_07_09_08_11_53_746.jpg,D:\Car_Record\IMG\left_2024_07_09_08_11_53_746.jpg,D:\Car_Record\IMG\right_2024_07_09_08_11_53_746.jpg,0,1,0,30.19034
D:\Car_Record\IMG\center_2024_07_09_08_11_53_814.jpg,D:\Car_Record\IMG\left_2024_07_09_08_11_53_814.jpg,D:\Car_Record\IMG\right_2024_07_09_08_11_53_814.jpg,0,1,0,30.19034
D:\Car_Record\IMG\center_2024_07_09_08_11_53_883.jpg,D:\Car_Record\IMG\left_2024_07_09_08_11_53_883.jpg,D:\Car_Record\IMG\right_2024_07_09_08_11_53_883.jpg,-0.1,1,0,30.18814
D:\Car_Record\IMG\center_2024_07_09_08_11_53_951.jpg,D:\Car_Record\IMG\left_2024_07_09_08_11_53_951.jpg,D:\Car_Record\IMG\right_2024_07_09_08_11_53_951.jpg,-0.3,1,0,30.17017
D:\Car_Record\IMG\center_2024_07_09_08_11_54_018.jpg,D:\Car_Record\IMG\left_2024_07_09_08_11_54_018.jpg,D:\Car_Record\IMG\right_2024_07_09_08_11_54_018.jpg,-0.45,1,0,30.15256
D:\Car_Record\IMG\center_2024_07_09_08_11_54_086.jpg,D:\Car_Record\IMG\left_2024_07_09_08_11_54_086.jpg,D:\Car_Record\IMG\right_2024_07_09_08_11_54_086.jpg,0,1,0,30.18892
D:\Car_Record\IMG\center_2024_07_09_08_11_54_154.jpg,D:\Car_Record\IMG\left_2024_07_09_08_11_54_154.jpg,D:\Car_Record\IMG\right_2024_07_09_08_11_54_154.jpg,0,1,0,30.18953
D:\Car_Record\IMG\center_2024_07_09_08_11_54_223.jpg,D:\Car_Record\IMG\left_2024_07_09_08_11_54_223.jpg,D:\Car_Record\IMG\right_2024_07_09_08_11_54_223.jpg,0,1,0,30.19022
D:\Car_Record\IMG\center_2024_07_09_08_11_54_290.jpg,D:\Car_Record\IMG\left_2024_07_09_08_11_54_290.jpg,D:\Car_Record\IMG\right_2024_07_09_08_11_54_290.jpg,0,1,0,30.18979
D:\Car_Record\IMG\center_2024_07_09_08_11_54_359.jpg,D:\Car_Record\IMG\left_2024_07_09_08_11_54_359.jpg,D:\Car_Record\IMG\right_2024_07_09_08_11_54_359.jpg,0,1,0,30.19018
D:\Car_Record\IMG\center_2024_07_09_08_11_54_425.jpg,D:\Car_Record\IMG\left_2024_07_09_08_11_54_425.jpg,D:\Car_Record\IMG\right_2024_07_09_08_11_54_425.jpg,0,1,0,30.19028
D:\Car_Record\IMG\center_2024_07_09_08_11_54_494.jpg,D:\Car_Record\IMG\left_2024_07_09_08_11_54_494.jpg,D:\Car_Record\IMG\right_2024_07_09_08_11_54_494.jpg,0,1,0,30.19032
D:\Car_Record\IMG\center_2024_07_09_08_11_54_562.jpg,D:\Car_Record\IMG\left_2024_07_09_08_11_54_562.jpg,D:\Car_Record\IMG\right_2024_07_09_08_11_54_562.jpg,0,1,0,30.19032
D:\Car_Record\IMG\center_2024_07_09_08_11_54_631.jpg,D:\Car_Record\IMG\left_2024_07_09_08_11_54_631.jpg,D:\Car_Record\IMG\right_2024_07_09_08_11_54_631.jpg,0,1,0,30.19029
D:\Car_Record\IMG\center_2024_07_09_08_11_54_699.jpg,D:\Car_Record\IMG\left_2024_07_09_08_11_54_699.jpg,D:\Car_Record\IMG\right_2024_07_09_08_11_54_699.jpg,0,1,0,30.1903
D:\Car_Record\IMG\center_2024_07_09_08_11_54_768.jpg,D:\Car_Record\IMG\left_2024_07_09_08_11_54_768.jpg,D:\Car_Record\IMG\right_2024_07_09_08_11_54_768.jpg,0,1,0,30.19018
D:\Car_Record\IMG\center_2024_07_09_08_11_54_835.jpg,D:\Car_Record\IMG\left_2024_07_09_08_11_54_835.jpg,D:\Car_Record\IMG\right_2024_07_09_08_11_54_835.jpg,0,1,0,30.19031
D:\Car_Record\IMG\center_2024_07_09_08_11_54_903.jpg,D:\Car_Record\IMG\left_2024_07_09_08_11_54_903.jpg,D:\Car_Record\IMG\right_2024_07_09_08_11_54_903.jpg,0,1,0,30.1903
D:\Car_Record\IMG\center_2024_07_09_08_11_54_972.jpg,D:\Car_Record\IMG\left_2024_07_09_08_11_54_972.jpg,D:\Car_Record\IMG\right_2024_07_09_08_11_54_972.jpg,0,1,0,30.19017
D:\Car_Record\IMG\center_2024_07_09_08_11_55_041.jpg,D:\Car_Record\IMG\left_2024_07_09_08_11_55_041.jpg,D:\Car_Record\IMG\right_2024_07_09_08_11_55_041.jpg,0,1,0,30.19032
D:\Car_Record\IMG\center_2024_07_09_08_11_55_108.jpg,D:\Car_Record\IMG\left_2024_07_09_08_11_55_108.jpg,D:\Car_Record\IMG\right_2024_07_09_08_11_55_108.jpg,0,1,0,30.1903
D:\Car_Record\IMG\center_2024_07_09_08_11_55_174.jpg,D:\Car_Record\IMG\left_2024_07_09_08_11_55_174.jpg,D:\Car_Record\IMG\right_2024_07_09_08_11_55_174.jpg,0,1,0,30.19032
D:\Car_Record\IMG\center_2024_07_09_08_11_55_241.jpg,D:\Car_Record\IMG\left_2024_07_09_08_11_55_241.jpg,D:\Car_Record\IMG\right_2024_07_09_08_11_55_241.jpg,0,1,0,30.1903
D:\Car_Record\IMG\center_2024_07_09_08_11_55_308.jpg,D:\Car_Record\IMG\left_2024_07_09_08_11_55_308.jpg,D:\Car_Record\IMG\right_2024_07_09_08_11_55_308.jpg,0,1,0,30.1903
D:\Car_Record\IMG\center_2024_07_09_08_11_55_376.jpg,D:\Car_Record\IMG\left_2024_07_09_08_11_55_376.jpg,D:\Car_Record\IMG\right_2024_07_09_08_11_55_376.jpg,0,1,0,30.19029
D:\Car_Record\IMG\center_2024_07_09_08_11_55_444.jpg,D:\Car_Record\IMG\left_2024_07_09_08_11_55_444.jpg,D:\Car_Record\IMG\right_2024_07_09_08_11_55_444.jpg,0.05,1,0,30.18972
D:\Car_Record\IMG\center_2024_07_09_08_11_55_514.jpg,D:\Car_Record\IMG\left_2024_07_09_08_11_55_514.jpg,D:\Car_Record\IMG\right_2024_07_09_08_11_55_514.jpg,0.25,1,0,30.17477
D:\Car_Record\IMG\center_2024_07_09_08_11_55_583.jpg,D:\Car_Record\IMG\left_2024_07_09_08_11_55_583.jpg,D:\Car_Record\IMG\right_2024_07_09_08_11_55_583.jpg,0,1,0,30.1829
D:\Car_Record\IMG\center_2024_07_09_08_11_55_651.jpg,D:\Car_Record\IMG\left_2024_07_09_08_11_55_651.jpg,D:\Car_Record\IMG\right_2024_07_09_08_11_55_651.jpg,0,1,0,30.18951
D:\Car_Record\IMG\center_2024_07_09_08_11_55_719.jpg,D:\Car_Record\IMG\left_2024_07_09_08_11_55_719.jpg,D:\Car_Record\IMG\right_2024_07_09_08_11_55_719.jpg,0,1,0,30.19009
D:\Car_Record\IMG\center_2024_07_09_08_11_55_787.jpg,D:\Car_Record\IMG\left_2024_07_09_08_11_55_787.jpg,D:\Car_Record\IMG\right_2024_07_09_08_11_55_787.jpg,0.1,1,0,30.18874
D:\Car_Record\IMG\center_2024_07_09_08_11_55_853.jpg,D:\Car_Record\IMG\left_2024_07_09_08_11_55_853.jpg,D:\Car_Record\IMG\right_2024_07_09_08_11_55_853.jpg,0.25,1,0,30.17645
D:\Car_Record\IMG\center_2024_07_09_08_11_55_922.jpg,D:\Car_Record\IMG\left_2024_07_09_08_11_55_922.jpg,D:\Car_Record\IMG\right_2024_07_09_08_11_55_922.jpg,0.4,1,0,30.15894
D:\Car_Record\IMG\center_2024_07_09_08_11_55_992.jpg,D:\Car_Record\IMG\left_2024_07_09_08_11_55_992.jpg,D:\Car_Record\IMG\right_2024_07_09_08_11_55_992.jpg,0,1,0,30.18663
D:\Car_Record\IMG\center_2024_07_09_08_11_56_058.jpg,D:\Car_Record\IMG\left_2024_07_09_08_11_56_058.jpg,D:\Car_Record\IMG\right_2024_07_09_08_11_56_058.jpg,0,1,0,30.18934
D:\Car_Record\IMG\center_2024_07_09_08_11_56_126.jpg,D:\Car_Record\IMG\left_2024_07_09_08_11_56_126.jpg,D:\Car_Record\IMG\right_2024_07_09_08_11_56_126.jpg,0,1,0,30.1901
D:\Car_Record\IMG\center_2024_07_09_08_11_56_194.jpg,D:\Car_Record\IMG\left_2024_07_09_08_11_56_194.jpg,D:\Car_Record\IMG\right_2024_07_09_08_11_56_194.jpg,-0.1,1,0,30.18615
D:\Car_Record\IMG\center_2024_07_09_08_11_56_262.jpg,D:\Car_Record\IMG\left_2024_07_09_08_11_56_262.jpg,D:\Car_Record\IMG\right_2024_07_09_08_11_56_262.jpg,-0.25,1,0,30.17284
D:\Car_Record\IMG\center_2024_07_09_08_11_56_332.jpg,D:\Car_Record\IMG\left_2024_07_09_08_11_56_332.jpg,D:\Car_Record\IMG\right_2024_07_09_08_11_56_332.jpg,-0.45,1,0,30.15011
D:\Car_Record\IMG\center_2024_07_09_08_11_56_401.jpg,D:\Car_Record\IMG\left_2024_07_09_08_11_56_401.jpg,D:\Car_Record\IMG\right_2024_07_09_08_11_56_401.jpg,0,1,0,30.1862
D:\Car_Record\IMG\center_2024_07_09_08_11_56_469.jpg,D:\Car_Record\IMG\left_2024_07_09_08_11_56_469.jpg,D:\Car_Record\IMG\right_2024_07_09_08_11_56_469.jpg,0,1,0,30.18952
D:\Car_Record\IMG\center_2024_07_09_08_11_56_535.jpg,D:\Car_Record\IMG\left_2024_07_09_08_11_56_535.jpg,D:\Car_Record\IMG\right_2024_07_09_08_11_56_535.jpg,0,1,0,30.19004
D:\Car_Record\IMG\center_2024_07_09_08_11_56_602.jpg,D:\Car_Record\IMG\left_2024_07_09_08_11_56_602.jpg,D:\Car_Record\IMG\right_2024_07_09_08_11_56_602.jpg,0,1,0,30.19024
D:\Car_Record\IMG\center_2024_07_09_08_11_56_669.jpg,D:\Car_Record\IMG\left_2024_07_09_08_11_56_669.jpg,D:\Car_Record\IMG\right_2024_07_09_08_11_56_669.jpg,0.05,1,0,30.18946
D:\Car_Record\IMG\center_2024_07_09_08_11_56_737.jpg,D:\Car_Record\IMG\left_2024_07_09_08_11_56_737.jpg,D:\Car_Record\IMG\right_2024_07_09_08_11_56_737.jpg,0.2,1,0,30.17892
D:\Car_Record\IMG\center_2024_07_09_08_11_56_806.jpg,D:\Car_Record\IMG\left_2024_07_09_08_11_56_806.jpg,D:\Car_Record\IMG\right_2024_07_09_08_11_56_806.jpg,0.4,1,0,30.15683
D:\Car_Record\IMG\center_2024_07_09_08_11_56_875.jpg,D:\Car_Record\IMG\left_2024_07_09_08_11_56_875.jpg,D:\Car_Record\IMG\right_2024_07_09_08_11_56_875.jpg,0,1,0,30.17664
D:\Car_Record\IMG\center_2024_07_09_08_11_56_942.jpg,D:\Car_Record\IMG\left_2024_07_09_08_11_56_942.jpg,D:\Car_Record\IMG\right_2024_07_09_08_11_56_942.jpg,0,1,0,30.18737
D:\Car_Record\IMG\center_2024_07_09_08_11_57_011.jpg,D:\Car_Record\IMG\left_2024_07_09_08_11_57_011.jpg,D:\Car_Record\IMG\right_2024_07_09_08_11_57_011.jpg,-0.2,1,0,30.17227
D:\Car_Record\IMG\center_2024_07_09_08_11_57_079.jpg,D:\Car_Record\IMG\left_2024_07_09_08_11_57_079.jpg,D:\Car_Record\IMG\right_2024_07_09_08_11_57_079.jpg,-0.35,1,0,30.15694
D:\Car_Record\IMG\center_2024_07_09_08_11_57_147.jpg,D:\Car_Record\IMG\left_2024_07_09_08_11_57_147.jpg,D:\Car_Record\IMG\right_2024_07_09_08_11_57_147.jpg,0,1,0,30.18962
D:\Car_Record\IMG\center_2024_07_09_08_11_57_214.jpg,D:\Car_Record\IMG\left_2024_07_09_08_11_57_214.jpg,D:\Car_Record\IMG\right_2024_07_09_08_11_57_214.jpg,0,1,0,30.18878
D:\Car_Record\IMG\center_2024_07_09_08_11_57_283.jpg,D:\Car_Record\IMG\left_2024_07_09_08_11_57_283.jpg,D:\Car_Record\IMG\right_2024_07_09_08_11_57_283.jpg,0,1,0,30.18984
D:\Car_Record\IMG\center_2024_07_09_08_11_57_351.jpg,D:\Car_Record\IMG\left_2024_07_09_08_11_57_351.jpg,D:\Car_Record\IMG\right_2024_07_09_08_11_57_351.jpg,0,1,0,30.19018
D:\Car_Record\IMG\center_2024_07_09_08_11_57_417.jpg,D:\Car_Record\IMG\left_2024_07_09_08_11_57_417.jpg,D:\Car_Record\IMG\right_2024_07_09_08_11_57_417.jpg,0,1,0,30.19025
D:\Car_Record\IMG\center_2024_07_09_08_11_57_485.jpg,D:\Car_Record\IMG\left_2024_07_09_08_11_57_485.jpg,D:\Car_Record\IMG\right_2024_07_09_08_11_57_485.jpg,0,1,0,30.19029
D:\Car_Record\IMG\center_2024_07_09_08_11_57_552.jpg,D:\Car_Record\IMG\left_2024_07_09_08_11_57_552.jpg,D:\Car_Record\IMG\right_2024_07_09_08_11_57_552.jpg,-0.2,1,0,30.18039
D:\Car_Record\IMG\center_2024_07_09_08_11_57_620.jpg,D:\Car_Record\IMG\left_2024_07_09_08_11_57_620.jpg,D:\Car_Record\IMG\right_2024_07_09_08_11_57_620.jpg,-0.35,1,0,30.16398
D:\Car_Record\IMG\center_2024_07_09_08_11_57_690.jpg,D:\Car_Record\IMG\left_2024_07_09_08_11_57_690.jpg,D:\Car_Record\IMG\right_2024_07_09_08_11_57_690.jpg,0,1,0,30.18746
D:\Car_Record\IMG\center_2024_07_09_08_11_57_757.jpg,D:\Car_Record\IMG\left_2024_07_09_08_11_57_757.jpg,D:\Car_Record\IMG\right_2024_07_09_08_11_57_757.jpg,0,1,0,30.18965
D:\Car_Record\IMG\center_2024_07_09_08_11_57_824.jpg,D:\Car_Record\IMG\left_2024_07_09_08_11_57_824.jpg,D:\Car_Record\IMG\right_2024_07_09_08_11_57_824.jpg,0,1,0,30.18991
D:\Car_Record\IMG\center_2024_07_09_08_11_57_892.jpg,D:\Car_Record\IMG\left_2024_07_09_08_11_57_892.jpg,D:\Car_Record\IMG\right_2024_07_09_08_11_57_892.jpg,-0.05,1,0,30.18998
D:\Car_Record\IMG\center_2024_07_09_08_11_57_959.jpg,D:\Car_Record\IMG\left_2024_07_09_08_11_57_959.jpg,D:\Car_Record\IMG\right_2024_07_09_08_11_57_959.jpg,-0.2,1,0,30.18134
D:\Car_Record\IMG\center_2024_07_09_08_11_58_028.jpg,D:\Car_Record\IMG\left_2024_07_09_08_11_58_028.jpg,D:\Car_Record\IMG\right_2024_07_09_08_11_58_028.jpg,-0.4,1,0,30.1589
D:\Car_Record\IMG\center_2024_07_09_08_11_58_096.jpg,D:\Car_Record\IMG\left_2024_07_09_08_11_58_096.jpg,D:\Car_Record\IMG\right_2024_07_09_08_11_58_096.jpg,0,1,0,30.17745
D:\Car_Record\IMG\center_2024_07_09_08_11_58_164.jpg,D:\Car_Record\IMG\left_2024_07_09_08_11_58_164.jpg,D:\Car_Record\IMG\right_2024_07_09_08_11_58_164.jpg,0,1,0,30.18745
D:\Car_Record\IMG\center_2024_07_09_08_11_58_233.jpg,D:\Car_Record\IMG\left_2024_07_09_08_11_58_233.jpg,D:\Car_Record\IMG\right_2024_07_09_08_11_58_233.jpg,0,1,0,30.18972
D:\Car_Record\IMG\center_2024_07_09_08_11_58_301.jpg,D:\Car_Record\IMG\left_2024_07_09_08_11_58_301.jpg,D:\Car_Record\IMG\right_2024_07_09_08_11_58_301.jpg,0,1,0,30.19016
D:\Car_Record\IMG\center_2024_07_09_08_11_58_369.jpg,D:\Car_Record\IMG\left_2024_07_09_08_11_58_369.jpg,D:\Car_Record\IMG\right_2024_07_09_08_11_58_369.jpg,-0.15,1,0,30.18589
D:\Car_Record\IMG\center_2024_07_09_08_11_58_438.jpg,D:\Car_Record\IMG\left_2024_07_09_08_11_58_438.jpg,D:\Car_Record\IMG\right_2024_07_09_08_11_58_438.jpg,-0.3,1,0,30.17111
D:\Car_Record\IMG\center_2024_07_09_08_11_58_505.jpg,D:\Car_Record\IMG\left_2024_07_09_08_11_58_505.jpg,D:\Car_Record\IMG\right_2024_07_09_08_11_58_505.jpg,-0.45,1,0,30.15289
D:\Car_Record\IMG\center_2024_07_09_08_11_58_573.jpg,D:\Car_Record\IMG\left_2024_07_09_08_11_58_573.jpg,D:\Car_Record\IMG\right_2024_07_09_08_11_58_573.jpg,0,1,0,30.18579
D:\Car_Record\IMG\center_2024_07_09_08_11_58_640.jpg,D:\Car_Record\IMG\left_2024_07_09_08_11_58_640.jpg,D:\Car_Record\IMG\right_2024_07_09_08_11_58_640.jpg,0,1,0,30.18908
D:\Car_Record\IMG\center_2024_07_09_08_11_58_708.jpg,D:\Car_Record\IMG\left_2024_07_09_08_11_58_708.jpg,D:\Car_Record\IMG\right_2024_07_09_08_11_58_708.jpg,0.2,1,0,30.17467
D:\Car_Record\IMG\center_2024_07_09_08_11_58_778.jpg,D:\Car_Record\IMG\left_2024_07_09_08_11_58_778.jpg,D:\Car_Record\IMG\right_2024_07_09_08_11_58_778.jpg,0.35,1,0,30.15889
D:\Car_Record\IMG\center_2024_07_09_08_11_58_847.jpg,D:\Car_Record\IMG\left_2024_07_09_08_11_58_847.jpg,D:\Car_Record\IMG\right_2024_07_09_08_11_58_847.jpg,0.5500001,1,0,30.13623
D:\Car_Record\IMG\center_2024_07_09_08_11_58_915.jpg,D:\Car_Record\IMG\left_2024_07_09_08_11_58_915.jpg,D:\Car_Record\IMG\right_2024_07_09_08_11_58_915.jpg,0.7,1,0,30.11853
D:\Car_Record\IMG\center_2024_07_09_08_11_58_984.jpg,D:\Car_Record\IMG\left_2024_07_09_08_11_58_984.jpg,D:\Car_Record\IMG\right_2024_07_09_08_11_58_984.jpg,0.8500001,1,0,30.10432
D:\Car_Record\IMG\center_2024_07_09_08_11_59_053.jpg,D:\Car_Record\IMG\left_2024_07_09_08_11_59_053.jpg,D:\Car_Record\IMG\right_2024_07_09_08_11_59_053.jpg,0,1,0,30.17577
D:\Car_Record\IMG\center_2024_07_09_08_11_59_122.jpg,D:\Car_Record\IMG\left_2024_07_09_08_11_59_122.jpg,D:\Car_Record\IMG\right_2024_07_09_08_11_59_122.jpg,0,1,0,30.18628
D:\Car_Record\IMG\center_2024_07_09_08_11_59_192.jpg,D:\Car_Record\IMG\left_2024_07_09_08_11_59_192.jpg,D:\Car_Record\IMG\right_2024_07_09_08_11_59_192.jpg,0,1,0,30.18954
D:\Car_Record\IMG\center_2024_07_09_08_11_59_261.jpg,D:\Car_Record\IMG\left_2024_07_09_08_11_59_261.jpg,D:\Car_Record\IMG\right_2024_07_09_08_11_59_261.jpg,-0.1,1,0,30.18474
D:\Car_Record\IMG\center_2024_07_09_08_11_59_331.jpg,D:\Car_Record\IMG\left_2024_07_09_08_11_59_331.jpg,D:\Car_Record\IMG\right_2024_07_09_08_11_59_331.jpg,-0.3,1,0,30.16571
D:\Car_Record\IMG\center_2024_07_09_08_11_59_399.jpg,D:\Car_Record\IMG\left_2024_07_09_08_11_59_399.jpg,D:\Car_Record\IMG\right_2024_07_09_08_11_59_399.jpg,0,1,0,30.18842
D:\Car_Record\IMG\center_2024_07_09_08_11_59_467.jpg,D:\Car_Record\IMG\left_2024_07_09_08_11_59_467.jpg,D:\Car_Record\IMG\right_2024_07_09_08_11_59_467.jpg,0,1,0,30.18998
D:\Car_Record\IMG\center_2024_07_09_08_11_59_534.jpg,D:\Car_Record\IMG\left_2024_07_09_08_11_59_534.jpg,D:\Car_Record\IMG\right_2024_07_09_08_11_59_534.jpg,-0.05,1,0,30.18999
D:\Car_Record\IMG\center_2024_07_09_08_11_59_602.jpg,D:\Car_Record\IMG\left_2024_07_09_08_11_59_602.jpg,D:\Car_Record\IMG\right_2024_07_09_08_11_59_602.jpg,-0.2,1,0,30.18137
D:\Car_Record\IMG\center_2024_07_09_08_11_59_671.jpg,D:\Car_Record\IMG\left_2024_07_09_08_11_59_671.jpg,D:\Car_Record\IMG\right_2024_07_09_08_11_59_671.jpg,-0.4,1,0,30.15897
D:\Car_Record\IMG\center_2024_07_09_08_11_59_739.jpg,D:\Car_Record\IMG\left_2024_07_09_08_11_59_739.jpg,D:\Car_Record\IMG\right_2024_07_09_08_11_59_739.jpg,0,1,0,30.17712
D:\Car_Record\IMG\center_2024_07_09_08_11_59_808.jpg,D:\Car_Record\IMG\left_2024_07_09_08_11_59_808.jpg,D:\Car_Record\IMG\right_2024_07_09_08_11_59_808.jpg,0,1,0,30.18811
D:\Car_Record\IMG\center_2024_07_09_08_11_59_875.jpg,D:\Car_Record\IMG\left_2024_07_09_08_11_59_875.jpg,D:\Car_Record\IMG\right_2024_07_09_08_11_59_875.jpg,0,1,0,30.18968
D:\Car_Record\IMG\center_2024_07_09_08_11_59_945.jpg,D:\Car_Record\IMG\left_2024_07_09_08_11_59_945.jpg,D:\Car_Record\IMG\right_2024_07_09_08_11_59_945.jpg,0,1,0,30.1901
D:\Car_Record\IMG\center_2024_07_09_08_12_00_013.jpg,D:\Car_Record\IMG\left_2024_07_09_08_12_00_013.jpg,D:\Car_Record\IMG\right_2024_07_09_08_12_00_013.jpg,0,1,0,30.19027
D:\Car_Record\IMG\center_2024_07_09_08_12_00_083.jpg,D:\Car_Record\IMG\left_2024_07_09_08_12_00_083.jpg,D:\Car_Record\IMG\right_2024_07_09_08_12_00_083.jpg,0,1,0,30.19024
D:\Car_Record\IMG\center_2024_07_09_08_12_00_150.jpg,D:\Car_Record\IMG\left_2024_07_09_08_12_00_150.jpg,D:\Car_Record\IMG\right_2024_07_09_08_12_00_150.jpg,0,1,0,30.19028
D:\Car_Record\IMG\center_2024_07_09_08_12_00_220.jpg,D:\Car_Record\IMG\left_2024_07_09_08_12_00_220.jpg,D:\Car_Record\IMG\right_2024_07_09_08_12_00_220.jpg,0,1,0,30.1903
D:\Car_Record\IMG\center_2024_07_09_08_12_00_287.jpg,D:\Car_Record\IMG\left_2024_07_09_08_12_00_287.jpg,D:\Car_Record\IMG\right_2024_07_09_08_12_00_287.jpg,0,1,0,30.19033
D:\Car_Record\IMG\center_2024_07_09_08_12_00_355.jpg,D:\Car_Record\IMG\left_2024_07_09_08_12_00_355.jpg,D:\Car_Record\IMG\right_2024_07_09_08_12_00_355.jpg,0,1,0,30.19029
D:\Car_Record\IMG\center_2024_07_09_08_12_00_422.jpg,D:\Car_Record\IMG\left_2024_07_09_08_12_00_422.jpg,D:\Car_Record\IMG\right_2024_07_09_08_12_00_422.jpg,0,1,0,30.19023
D:\Car_Record\IMG\center_2024_07_09_08_12_00_491.jpg,D:\Car_Record\IMG\left_2024_07_09_08_12_00_491.jpg,D:\Car_Record\IMG\right_2024_07_09_08_12_00_491.jpg,0,1,0,30.19031
D:\Car_Record\IMG\center_2024_07_09_08_12_00_561.jpg,D:\Car_Record\IMG\left_2024_07_09_08_12_00_561.jpg,D:\Car_Record\IMG\right_2024_07_09_08_12_00_561.jpg,0,1,0,30.1903
D:\Car_Record\IMG\center_2024_07_09_08_12_00_628.jpg,D:\Car_Record\IMG\left_2024_07_09_08_12_00_628.jpg,D:\Car_Record\IMG\right_2024_07_09_08_12_00_628.jpg,0,1,0,30.19029
D:\Car_Record\IMG\center_2024_07_09_08_12_00_696.jpg,D:\Car_Record\IMG\left_2024_07_09_08_12_00_696.jpg,D:\Car_Record\IMG\right_2024_07_09_08_12_00_696.jpg,0,1,0,30.19029
D:\Car_Record\IMG\center_2024_07_09_08_12_00_763.jpg,D:\Car_Record\IMG\left_2024_07_09_08_12_00_763.jpg,D:\Car_Record\IMG\right_2024_07_09_08_12_00_763.jpg,0,1,0,30.19032
D:\Car_Record\IMG\center_2024_07_09_08_12_00_831.jpg,D:\Car_Record\IMG\left_2024_07_09_08_12_00_831.jpg,D:\Car_Record\IMG\right_2024_07_09_08_12_00_831.jpg,0,1,0,30.19027
D:\Car_Record\IMG\center_2024_07_09_08_12_00_898.jpg,D:\Car_Record\IMG\left_2024_07_09_08_12_00_898.jpg,D:\Car_Record\IMG\right_2024_07_09_08_12_00_898.jpg,0,1,0,30.19029
D:\Car_Record\IMG\center_2024_07_09_08_12_00_968.jpg,D:\Car_Record\IMG\left_2024_07_09_08_12_00_968.jpg,D:\Car_Record\IMG\right_2024_07_09_08_12_00_968.jpg,0,1,0,30.19028
D:\Car_Record\IMG\center_2024_07_09_08_12_01_035.jpg,D:\Car_Record\IMG\left_2024_07_09_08_12_01_035.jpg,D:\Car_Record\IMG\right_2024_07_09_08_12_01_035.jpg,0,1,0,30.19028
D:\Car_Record\IMG\center_2024_07_09_08_12_01_102.jpg,D:\Car_Record\IMG\left_2024_07_09_08_12_01_102.jpg,D:\Car_Record\IMG\right_2024_07_09_08_12_01_102.jpg,0,1,0,30.19026
D:\Car_Record\IMG\center_2024_07_09_08_12_01_169.jpg,D:\Car_Record\IMG\left_2024_07_09_08_12_01_169.jpg,D:\Car_Record\IMG\right_2024_07_09_08_12_01_169.jpg,0,1,0,30.19028
D:\Car_Record\IMG\center_2024_07_09_08_12_01_238.jpg,D:\Car_Record\IMG\left_2024_07_09_08_12_01_238.jpg,D:\Car_Record\IMG\right_2024_07_09_08_12_01_238.jpg,0,1,0,30.1903
D:\Car_Record\IMG\center_2024_07_09_08_12_01_308.jpg,D:\Car_Record\IMG\left_2024_07_09_08_12_01_308.jpg,D:\Car_Record\IMG\right_2024_07_09_08_12_01_308.jpg,0,1,0,30.19026
D:\Car_Record\IMG\center_2024_07_09_08_12_01_375.jpg,D:\Car_Record\IMG\left_2024_07_09_08_12_01_375.jpg,D:\Car_Record\IMG\right_2024_07_09_08_12_01_375.jpg,0,1,0,30.1903
D:\Car_Record\IMG\center_2024_07_09_08_12_01_443.jpg,D:\Car_Record\IMG\left_2024_07_09_08_12_01_443.jpg,D:\Car_Record\IMG\right_2024_07_09_08_12_01_443.jpg,0,1,0,30.19027
D:\Car_Record\IMG\center_2024_07_09_08_12_01_509.jpg,D:\Car_Record\IMG\left_2024_07_09_08_12_01_509.jpg,D:\Car_Record\IMG\right_2024_07_09_08_12_01_509.jpg,-0.05,1,0,30.18973
D:\Car_Record\IMG\center_2024_07_09_08_12_01_579.jpg,D:\Car_Record\IMG\left_2024_07_09_08_12_01_579.jpg,D:\Car_Record\IMG\right_2024_07_09_08_12_01_579.jpg,-0.2,1,0,30.17984
D:\Car_Record\IMG\center_2024_07_09_08_12_01_649.jpg,D:\Car_Record\IMG\left_2024_07_09_08_12_01_649.jpg,D:\Car_Record\IMG\right_2024_07_09_08_12_01_649.jpg,0,1,0,30.1907
D:\Car_Record\IMG\center_2024_07_09_08_12_01_718.jpg,D:\Car_Record\IMG\left_2024_07_09_08_12_01_718.jpg,D:\Car_Record\IMG\right_2024_07_09_08_12_01_718.jpg,0,1,0,30.18978
D:\Car_Record\IMG\center_2024_07_09_08_12_01_787.jpg,D:\Car_Record\IMG\left_2024_07_09_08_12_01_787.jpg,D:\Car_Record\IMG\right_2024_07_09_08_12_01_787.jpg,0,1,0,30.19009
D:\Car_Record\IMG\center_2024_07_09_08_12_01_855.jpg,D:\Car_Record\IMG\left_2024_07_09_08_12_01_855.jpg,D:\Car_Record\IMG\right_2024_07_09_08_12_01_855.jpg,0,1,0,30.19027
D:\Car_Record\IMG\center_2024_07_09_08_12_01_924.jpg,D:\Car_Record\IMG\left_2024_07_09_08_12_01_924.jpg,D:\Car_Record\IMG\right_2024_07_09_08_12_01_924.jpg,0,1,0,30.19031
D:\Car_Record\IMG\center_2024_07_09_08_12_01_994.jpg,D:\Car_Record\IMG\left_2024_07_09_08_12_01_994.jpg,D:\Car_Record\IMG\right_2024_07_09_08_12_01_994.jpg,0,1,0,30.19034
D:\Car_Record\IMG\center_2024_07_09_08_12_02_061.jpg,D:\Car_Record\IMG\left_2024_07_09_08_12_02_061.jpg,D:\Car_Record\IMG\right_2024_07_09_08_12_02_061.jpg,0,1,0,30.19029
D:\Car_Record\IMG\center_2024_07_09_08_12_02_129.jpg,D:\Car_Record\IMG\left_2024_07_09_08_12_02_129.jpg,D:\Car_Record\IMG\right_2024_07_09_08_12_02_129.jpg,0,1,0,30.1903
D:\Car_Record\IMG\center_2024_07_09_08_12_02_198.jpg,D:\Car_Record\IMG\left_2024_07_09_08_12_02_198.jpg,D:\Car_Record\IMG\right_2024_07_09_08_12_02_198.jpg,0,1,0,30.19029
D:\Car_Record\IMG\center_2024_07_09_08_12_02_268.jpg,D:\Car_Record\IMG\left_2024_07_09_08_12_02_268.jpg,D:\Car_Record\IMG\right_2024_07_09_08_12_02_268.jpg,0,1,0,30.19032
D:\Car_Record\IMG\center_2024_07_09_08_12_02_337.jpg,D:\Car_Record\IMG\left_2024_07_09_08_12_02_337.jpg,D:\Car_Record\IMG\right_2024_07_09_08_12_02_337.jpg,0,1,0,30.19031
D:\Car_Record\IMG\center_2024_07_09_08_12_02_406.jpg,D:\Car_Record\IMG\left_2024_07_09_08_12_02_406.jpg,D:\Car_Record\IMG\right_2024_07_09_08_12_02_406.jpg,0,1,0,30.19029
D:\Car_Record\IMG\center_2024_07_09_08_12_02_476.jpg,D:\Car_Record\IMG\left_2024_07_09_08_12_02_476.jpg,D:\Car_Record\IMG\right_2024_07_09_08_12_02_476.jpg,0,1,0,30.19031
D:\Car_Record\IMG\center_2024_07_09_08_12_02_543.jpg,D:\Car_Record\IMG\left_2024_07_09_08_12_02_543.jpg,D:\Car_Record\IMG\right_2024_07_09_08_12_02_543.jpg,0,1,0,30.19029
D:\Car_Record\IMG\center_2024_07_09_08_12_02_610.jpg,D:\Car_Record\IMG\left_2024_07_09_08_12_02_610.jpg,D:\Car_Record\IMG\right_2024_07_09_08_12_02_610.jpg,0,1,0,30.19029
D:\Car_Record\IMG\center_2024_07_09_08_12_02_676.jpg,D:\Car_Record\IMG\left_2024_07_09_08_12_02_676.jpg,D:\Car_Record\IMG\right_2024_07_09_08_12_02_676.jpg,0,1,0,30.19031
D:\Car_Record\IMG\center_2024_07_09_08_12_02_744.jpg,D:\Car_Record\IMG\left_2024_07_09_08_12_02_744.jpg,D:\Car_Record\IMG\right_2024_07_09_08_12_02_744.jpg,0,1,0,30.1903
D:\Car_Record\IMG\center_2024_07_09_08_12_02_811.jpg,D:\Car_Record\IMG\left_2024_07_09_08_12_02_811.jpg,D:\Car_Record\IMG\right_2024_07_09_08_12_02_811.jpg,0,1,0,30.19028
D:\Car_Record\IMG\center_2024_07_09_08_12_02_880.jpg,D:\Car_Record\IMG\left_2024_07_09_08_12_02_880.jpg,D:\Car_Record\IMG\right_2024_07_09_08_12_02_880.jpg,0,1,0,30.1903
D:\Car_Record\IMG\center_2024_07_09_08_12_02_948.jpg,D:\Car_Record\IMG\left_2024_07_09_08_12_02_948.jpg,D:\Car_Record\IMG\right_2024_07_09_08_12_02_948.jpg,0,1,0,30.1903
D:\Car_Record\IMG\center_2024_07_09_08_12_03_014.jpg,D:\Car_Record\IMG\left_2024_07_09_08_12_03_014.jpg,D:\Car_Record\IMG\right_2024_07_09_08_12_03_014.jpg,0,1,0,30.19029
D:\Car_Record\IMG\center_2024_07_09_08_12_03_082.jpg,D:\Car_Record\IMG\left_2024_07_09_08_12_03_082.jpg,D:\Car_Record\IMG\right_2024_07_09_08_12_03_082.jpg,0,1,0,30.19029
D:\Car_Record\IMG\center_2024_07_09_08_12_03_152.jpg,D:\Car_Record\IMG\left_2024_07_09_08_12_03_152.jpg,D:\Car_Record\IMG\right_2024_07_09_08_12_03_152.jpg,0,1,0,30.19026
D:\Car_Record\IMG\center_2024_07_09_08_12_03_220.jpg,D:\Car_Record\IMG\left_2024_07_09_08_12_03_220.jpg,D:\Car_Record\IMG\right_2024_07_09_08_12_03_220.jpg,0,1,0,30.19031
D:\Car_Record\IMG\center_2024_07_09_08_12_03_289.jpg,D:\Car_Record\IMG\left_2024_07_09_08_12_03_289.jpg,D:\Car_Record\IMG\right_2024_07_09_08_12_03_289.jpg,0,1,0,30.19034
D:\Car_Record\IMG\center_2024_07_09_08_12_03_357.jpg,D:\Car_Record\IMG\left_2024_07_09_08_12_03_357.jpg,D:\Car_Record\IMG\right_2024_07_09_08_12_03_357.jpg,0,1,0,30.19025
D:\Car_Record\IMG\center_2024_07_09_08_12_03_427.jpg,D:\Car_Record\IMG\left_2024_07_09_08_12_03_427.jpg,D:\Car_Record\IMG\right_2024_07_09_08_12_03_427.jpg,0,1,0,30.19029
D:\Car_Record\IMG\center_2024_07_09_08_12_03_495.jpg,D:\Car_Record\IMG\left_2024_07_09_08_12_03_495.jpg,D:\Car_Record\IMG\right_2024_07_09_08_12_03_495.jpg,0,1,0,30.19031
D:\Car_Record\IMG\center_2024_07_09_08_12_03_564.jpg,D:\Car_Record\IMG\left_2024_07_09_08_12_03_564.jpg,D:\Car_Record\IMG\right_2024_07_09_08_12_03_564.jpg,0,1,0,30.19033
D:\Car_Record\IMG\center_2024_07_09_08_12_03_631.jpg,D:\Car_Record\IMG\left_2024_07_09_08_12_03_631.jpg,D:\Car_Record\IMG\right_2024_07_09_08_12_03_631.jpg,0,1,0,30.19031
D:\Car_Record\IMG\center_2024_07_09_08_12_03_699.jpg,D:\Car_Record\IMG\left_2024_07_09_08_12_03_699.jpg,D:\Car_Record\IMG\right_2024_07_09_08_12_03_699.jpg,0,1,0,30.19028
D:\Car_Record\IMG\center_2024_07_09_08_12_03_768.jpg,D:\Car_Record\IMG\left_2024_07_09_08_12_03_768.jpg,D:\Car_Record\IMG\right_2024_07_09_08_12_03_768.jpg,-0.15,1,0,30.18423
D:\Car_Record\IMG\center_2024_07_09_08_12_03_835.jpg,D:\Car_Record\IMG\left_2024_07_09_08_12_03_835.jpg,D:\Car_Record\IMG\right_2024_07_09_08_12_03_835.jpg,-0.3,1,0,30.16923
D:\Car_Record\IMG\center_2024_07_09_08_12_03_903.jpg,D:\Car_Record\IMG\left_2024_07_09_08_12_03_903.jpg,D:\Car_Record\IMG\right_2024_07_09_08_12_03_903.jpg,-0.45,1,0,30.15168
D:\Car_Record\IMG\center_2024_07_09_08_12_03_970.jpg,D:\Car_Record\IMG\left_2024_07_09_08_12_03_970.jpg,D:\Car_Record\IMG\right_2024_07_09_08_12_03_970.jpg,0,1,0,30.18818
D:\Car_Record\IMG\center_2024_07_09_08_12_04_038.jpg,D:\Car_Record\IMG\left_2024_07_09_08_12_04_038.jpg,D:\Car_Record\IMG\right_2024_07_09_08_12_04_038.jpg,0,1,0,30.18959
D:\Car_Record\IMG\center_2024_07_09_08_12_04_105.jpg,D:\Car_Record\IMG\left_2024_07_09_08_12_04_105.jpg,D:\Car_Record\IMG\right_2024_07_09_08_12_04_105.jpg,0,1,0,30.1901
D:\Car_Record\IMG\center_2024_07_09_08_12_04_173.jpg,D:\Car_Record\IMG\left_2024_07_09_08_12_04_173.jpg,D:\Car_Record\IMG\right_2024_07_09_08_12_04_173.jpg,0,1,0,30.19023
D:\Car_Record\IMG\center_2024_07_09_08_12_04_240.jpg,D:\Car_Record\IMG\left_2024_07_09_08_12_04_240.jpg,D:\Car_Record\IMG\right_2024_07_09_08_12_04_240.jpg,0,1,0,30.19027
D:\Car_Record\IMG\center_2024_07_09_08_12_04_308.jpg,D:\Car_Record\IMG\left_2024_07_09_08_12_04_308.jpg,D:\Car_Record\IMG\right_2024_07_09_08_12_04_308.jpg,0,1,0,30.19029
D:\Car_Record\IMG\center_2024_07_09_08_12_04_377.jpg,D:\Car_Record\IMG\left_2024_07_09_08_12_04_377.jpg,D:\Car_Record\IMG\right_2024_07_09_08_12_04_377.jpg,0,1,0,30.19031
D:\Car_Record\IMG\center_2024_07_09_08_12_04_444.jpg,D:\Car_Record\IMG\left_2024_07_09_08_12_04_444.jpg,D:\Car_Record\IMG\right_2024_07_09_08_12_04_444.jpg,-0.1,1,0,30.18788
D:\Car_Record\IMG\center_2024_07_09_08_12_04_513.jpg,D:\Car_Record\IMG\left_2024_07_09_08_12_04_513.jpg,D:\Car_Record\IMG\right_2024_07_09_08_12_04_513.jpg,-0.3,1,0,30.16931
D:\Car_Record\IMG\center_2024_07_09_08_12_04_582.jpg,D:\Car_Record\IMG\left_2024_07_09_08_12_04_582.jpg,D:\Car_Record\IMG\right_2024_07_09_08_12_04_582.jpg,0,1,0,30.18893
D:\Car_Record\IMG\center_2024_07_09_08_12_04_651.jpg,D:\Car_Record\IMG\left_2024_07_09_08_12_04_651.jpg,D:\Car_Record\IMG\right_2024_07_09_08_12_04_651.jpg,0,1,0,30.19022
D:\Car_Record\IMG\center_2024_07_09_08_12_04_719.jpg,D:\Car_Record\IMG\left_2024_07_09_08_12_04_719.jpg,D:\Car_Record\IMG\right_2024_07_09_08_12_04_719.jpg,0,1,0,30.19024
D:\Car_Record\IMG\center_2024_07_09_08_12_04_788.jpg,D:\Car_Record\IMG\left_2024_07_09_08_12_04_788.jpg,D:\Car_Record\IMG\right_2024_07_09_08_12_04_788.jpg,0,1,0,30.19028
D:\Car_Record\IMG\center_2024_07_09_08_12_04_855.jpg,D:\Car_Record\IMG\left_2024_07_09_08_12_04_855.jpg,D:\Car_Record\IMG\right_2024_07_09_08_12_04_855.jpg,0,1,0,30.19032
D:\Car_Record\IMG\center_2024_07_09_08_12_04_922.jpg,D:\Car_Record\IMG\left_2024_07_09_08_12_04_922.jpg,D:\Car_Record\IMG\right_2024_07_09_08_12_04_922.jpg,0,1,0,30.19032
D:\Car_Record\IMG\center_2024_07_09_08_12_04_990.jpg,D:\Car_Record\IMG\left_2024_07_09_08_12_04_990.jpg,D:\Car_Record\IMG\right_2024_07_09_08_12_04_990.jpg,0,1,0,30.19028
D:\Car_Record\IMG\center_2024_07_09_08_12_05_059.jpg,D:\Car_Record\IMG\left_2024_07_09_08_12_05_059.jpg,D:\Car_Record\IMG\right_2024_07_09_08_12_05_059.jpg,0,1,0,30.19029
D:\Car_Record\IMG\center_2024_07_09_08_12_05_127.jpg,D:\Car_Record\IMG\left_2024_07_09_08_12_05_127.jpg,D:\Car_Record\IMG\right_2024_07_09_08_12_05_127.jpg,0,1,0,30.19029
D:\Car_Record\IMG\center_2024_07_09_08_12_05_195.jpg,D:\Car_Record\IMG\left_2024_07_09_08_12_05_195.jpg,D:\Car_Record\IMG\right_2024_07_09_08_12_05_195.jpg,0,1,0,30.19032
D:\Car_Record\IMG\center_2024_07_09_08_12_05_262.jpg,D:\Car_Record\IMG\left_2024_07_09_08_12_05_262.jpg,D:\Car_Record\IMG\right_2024_07_09_08_12_05_262.jpg,0,1,0,30.1903
D:\Car_Record\IMG\center_2024_07_09_08_12_05_330.jpg,D:\Car_Record\IMG\left_2024_07_09_08_12_05_330.jpg,D:\Car_Record\IMG\right_2024_07_09_08_12_05_330.jpg,0,1,0,30.19031
D:\Car_Record\IMG\center_2024_07_09_08_12_05_397.jpg,D:\Car_Record\IMG\left_2024_07_09_08_12_05_397.jpg,D:\Car_Record\IMG\right_2024_07_09_08_12_05_397.jpg,0,1,0,30.19032
D:\Car_Record\IMG\center_2024_07_09_08_12_05_464.jpg,D:\Car_Record\IMG\left_2024_07_09_08_12_05_464.jpg,D:\Car_Record\IMG\right_2024_07_09_08_12_05_464.jpg,0,1,0,30.1903
D:\Car_Record\IMG\center_2024_07_09_08_12_05_534.jpg,D:\Car_Record\IMG\left_2024_07_09_08_12_05_534.jpg,D:\Car_Record\IMG\right_2024_07_09_08_12_05_534.jpg,0,1,0,30.19026
D:\Car_Record\IMG\center_2024_07_09_08_12_05_603.jpg,D:\Car_Record\IMG\left_2024_07_09_08_12_05_603.jpg,D:\Car_Record\IMG\right_2024_07_09_08_12_05_603.jpg,0,1,0,30.19032
D:\Car_Record\IMG\center_2024_07_09_08_12_05_671.jpg,D:\Car_Record\IMG\left_2024_07_09_08_12_05_671.jpg,D:\Car_Record\IMG\right_2024_07_09_08_12_05_671.jpg,0,1,0,30.19029
D:\Car_Record\IMG\center_2024_07_09_08_12_05_740.jpg,D:\Car_Record\IMG\left_2024_07_09_08_12_05_740.jpg,D:\Car_Record\IMG\right_2024_07_09_08_12_05_740.jpg,0,1,0,30.19021
D:\Car_Record\IMG\center_2024_07_09_08_12_05_809.jpg,D:\Car_Record\IMG\left_2024_07_09_08_12_05_809.jpg,D:\Car_Record\IMG\right_2024_07_09_08_12_05_809.jpg,0,1,0,30.19027
D:\Car_Record\IMG\center_2024_07_09_08_12_05_878.jpg,D:\Car_Record\IMG\left_2024_07_09_08_12_05_878.jpg,D:\Car_Record\IMG\right_2024_07_09_08_12_05_878.jpg,0,1,0,30.19031
D:\Car_Record\IMG\center_2024_07_09_08_12_05_948.jpg,D:\Car_Record\IMG\left_2024_07_09_08_12_05_948.jpg,D:\Car_Record\IMG\right_2024_07_09_08_12_05_948.jpg,0,1,0,30.19027
D:\Car_Record\IMG\center_2024_07_09_08_12_06_017.jpg,D:\Car_Record\IMG\left_2024_07_09_08_12_06_017.jpg,D:\Car_Record\IMG\right_2024_07_09_08_12_06_017.jpg,0,1,0,30.1903
D:\Car_Record\IMG\center_2024_07_09_08_12_06_086.jpg,D:\Car_Record\IMG\left_2024_07_09_08_12_06_086.jpg,D:\Car_Record\IMG\right_2024_07_09_08_12_06_086.jpg,0,1,0,30.19026
D:\Car_Record\IMG\center_2024_07_09_08_12_06_154.jpg,D:\Car_Record\IMG\left_2024_07_09_08_12_06_154.jpg,D:\Car_Record\IMG\right_2024_07_09_08_12_06_154.jpg,0,1,0,30.19028
D:\Car_Record\IMG\center_2024_07_09_08_12_06_223.jpg,D:\Car_Record\IMG\left_2024_07_09_08_12_06_223.jpg,D:\Car_Record\IMG\right_2024_07_09_08_12_06_223.jpg,0,1,0,30.19026
D:\Car_Record\IMG\center_2024_07_09_08_12_06_292.jpg,D:\Car_Record\IMG\left_2024_07_09_08_12_06_292.jpg,D:\Car_Record\IMG\right_2024_07_09_08_12_06_292.jpg,0,1,0,30.19029
D:\Car_Record\IMG\center_2024_07_09_08_12_06_362.jpg,D:\Car_Record\IMG\left_2024_07_09_08_12_06_362.jpg,D:\Car_Record\IMG\right_2024_07_09_08_12_06_362.jpg,0,1,0,30.19031
D:\Car_Record\IMG\center_2024_07_09_08_12_06_429.jpg,D:\Car_Record\IMG\left_2024_07_09_08_12_06_429.jpg,D:\Car_Record\IMG\right_2024_07_09_08_12_06_429.jpg,0,1,0,30.19032
D:\Car_Record\IMG\center_2024_07_09_08_12_06_497.jpg,D:\Car_Record\IMG\left_2024_07_09_08_12_06_497.jpg,D:\Car_Record\IMG\right_2024_07_09_08_12_06_497.jpg,-0.15,1,0,30.18423
D:\Car_Record\IMG\center_2024_07_09_08_12_06_565.jpg,D:\Car_Record\IMG\left_2024_07_09_08_12_06_565.jpg,D:\Car_Record\IMG\right_2024_07_09_08_12_06_565.jpg,0,1,0,30.18588
D:\Car_Record\IMG\center_2024_07_09_08_12_06_633.jpg,D:\Car_Record\IMG\left_2024_07_09_08_12_06_633.jpg,D:\Car_Record\IMG\right_2024_07_09_08_12_06_633.jpg,0,1,0,30.18995
D:\Car_Record\IMG\center_2024_07_09_08_12_06_701.jpg,D:\Car_Record\IMG\left_2024_07_09_08_12_06_701.jpg,D:\Car_Record\IMG\right_2024_07_09_08_12_06_701.jpg,0,1,0,30.19023
D:\Car_Record\IMG\center_2024_07_09_08_12_06_768.jpg,D:\Car_Record\IMG\left_2024_07_09_08_12_06_768.jpg,D:\Car_Record\IMG\right_2024_07_09_08_12_06_768.jpg,0,1,0,30.19029
D:\Car_Record\IMG\center_2024_07_09_08_12_06_837.jpg,D:\Car_Record\IMG\left_2024_07_09_08_12_06_837.jpg,D:\Car_Record\IMG\right_2024_07_09_08_12_06_837.jpg,0,1,0,30.19028
D:\Car_Record\IMG\center_2024_07_09_08_12_06_904.jpg,D:\Car_Record\IMG\left_2024_07_09_08_12_06_904.jpg,D:\Car_Record\IMG\right_2024_07_09_08_12_06_904.jpg,0,1,0,30.19028
D:\Car_Record\IMG\center_2024_07_09_08_12_06_971.jpg,D:\Car_Record\IMG\left_2024_07_09_08_12_06_971.jpg,D:\Car_Record\IMG\right_2024_07_09_08_12_06_971.jpg,0,1,0,30.19031
D:\Car_Record\IMG\center_2024_07_09_08_12_07_039.jpg,D:\Car_Record\IMG\left_2024_07_09_08_12_07_039.jpg,D:\Car_Record\IMG\right_2024_07_09_08_12_07_039.jpg,0,1,0,30.19028
D:\Car_Record\IMG\center_2024_07_09_08_12_07_108.jpg,D:\Car_Record\IMG\left_2024_07_09_08_12_07_108.jpg,D:\Car_Record\IMG\right_2024_07_09_08_12_07_108.jpg,0,1,0,30.19025
D:\Car_Record\IMG\center_2024_07_09_08_12_07_176.jpg,D:\Car_Record\IMG\left_2024_07_09_08_12_07_176.jpg,D:\Car_Record\IMG\right_2024_07_09_08_12_07_176.jpg,0,1,0,30.19024
D:\Car_Record\IMG\center_2024_07_09_08_12_07_243.jpg,D:\Car_Record\IMG\left_2024_07_09_08_12_07_243.jpg,D:\Car_Record\IMG\right_2024_07_09_08_12_07_243.jpg,0,1,0,30.19028
D:\Car_Record\IMG\center_2024_07_09_08_12_07_310.jpg,D:\Car_Record\IMG\left_2024_07_09_08_12_07_310.jpg,D:\Car_Record\IMG\right_2024_07_09_08_12_07_310.jpg,0,1,0,30.1903
D:\Car_Record\IMG\center_2024_07_09_08_12_07_378.jpg,D:\Car_Record\IMG\left_2024_07_09_08_12_07_378.jpg,D:\Car_Record\IMG\right_2024_07_09_08_12_07_378.jpg,0,1,0,30.19028
D:\Car_Record\IMG\center_2024_07_09_08_12_07_448.jpg,D:\Car_Record\IMG\left_2024_07_09_08_12_07_448.jpg,D:\Car_Record\IMG\right_2024_07_09_08_12_07_448.jpg,0,0.905032,0,30.17916
D:\Car_Record\IMG\center_2024_07_09_08_12_07_516.jpg,D:\Car_Record\IMG\left_2024_07_09_08_12_07_516.jpg,D:\Car_Record\IMG\right_2024_07_09_08_12_07_516.jpg,0,0.724672,0,30.13214
D:\Car_Record\IMG\center_2024_07_09_08_12_07_585.jpg,D:\Car_Record\IMG\left_2024_07_09_08_12_07_585.jpg,D:\Car_Record\IMG\right_2024_07_09_08_12_07_585.jpg,0,0.5443396,0,30.08612
D:\Car_Record\IMG\center_2024_07_09_08_12_07_652.jpg,D:\Car_Record\IMG\left_2024_07_09_08_12_07_652.jpg,D:\Car_Record\IMG\right_2024_07_09_08_12_07_652.jpg,0,0.3076732,0,30.02635
D:\Car_Record\IMG\center_2024_07_09_08_12_07_720.jpg,D:\Car_Record\IMG\left_2024_07_09_08_12_07_720.jpg,D:\Car_Record\IMG\right_2024_07_09_08_12_07_720.jpg,0,0.1280866,0,29.9779
D:\Car_Record\IMG\center_2024_07_09_08_12_07_790.jpg,D:\Car_Record\IMG\left_2024_07_09_08_12_07_790.jpg,D:\Car_Record\IMG\right_2024_07_09_08_12_07_790.jpg,0,0,0,29.77649
D:\Car_Record\IMG\center_2024_07_09_08_12_07_857.jpg,D:\Car_Record\IMG\left_2024_07_09_08_12_07_857.jpg,D:\Car_Record\IMG\right_2024_07_09_08_12_07_857.jpg,0,0,0,29.59655
D:\Car_Record\IMG\center_2024_07_09_08_12_07_924.jpg,D:\Car_Record\IMG\left_2024_07_09_08_12_07_924.jpg,D:\Car_Record\IMG\right_2024_07_09_08_12_07_924.jpg,0,0,0,29.41789
D:\Car_Record\IMG\center_2024_07_09_08_12_07_993.jpg,D:\Car_Record\IMG\left_2024_07_09_08_12_07_993.jpg,D:\Car_Record\IMG\right_2024_07_09_08_12_07_993.jpg,0,0,0,29.18134
D:\Car_Record\IMG\center_2024_07_09_08_12_08_060.jpg,D:\Car_Record\IMG\left_2024_07_09_08_12_08_060.jpg,D:\Car_Record\IMG\right_2024_07_09_08_12_08_060.jpg,0,0,0,29.00517
D:\Car_Record\IMG\center_2024_07_09_08_12_08_128.jpg,D:\Car_Record\IMG\left_2024_07_09_08_12_08_128.jpg,D:\Car_Record\IMG\right_2024_07_09_08_12_08_128.jpg,0,0,0,28.77125
D:\Car_Record\IMG\center_2024_07_09_08_12_08_197.jpg,D:\Car_Record\IMG\left_2024_07_09_08_12_08_197.jpg,D:\Car_Record\IMG\right_2024_07_09_08_12_08_197.jpg,0,0,0,28.59674
D:\Car_Record\IMG\center_2024_07_09_08_12_08_264.jpg,D:\Car_Record\IMG\left_2024_07_09_08_12_08_264.jpg,D:\Car_Record\IMG\right_2024_07_09_08_12_08_264.jpg,0,0,0,28.42334
D:\Car_Record\IMG\center_2024_07_09_08_12_08_332.jpg,D:\Car_Record\IMG\left_2024_07_09_08_12_08_332.jpg,D:\Car_Record\IMG\right_2024_07_09_08_12_08_332.jpg,0,0,0,28.19366
D:\Car_Record\IMG\center_2024_07_09_08_12_08_401.jpg,D:\Car_Record\IMG\left_2024_07_09_08_12_08_401.jpg,D:\Car_Record\IMG\right_2024_07_09_08_12_08_401.jpg,0,0,0,28.02214
D:\Car_Record\IMG\center_2024_07_09_08_12_08_511.jpg,D:\Car_Record\IMG\left_2024_07_09_08_12_08_511.jpg,D:\Car_Record\IMG\right_2024_07_09_08_12_08_511.jpg,0,0,0,27.51789
